Num,y
348622,1044.08691406
348623,26465.8007812
348624,367160.25
348625,26096.8320312
348626,37.3589439392
348627,129013.039062
348628,81602.25
348629,94526.21875
348630,98701.53125
348631,3183.44873047
348632,1549.47387695
348633,49703.390625
348634,291090.28125
348635,28578.546875
348636,1934.87927246
348637,134376.390625
348638,89663.6875
348639,460962.34375
348640,482625.8125
348641,2372.64404297
348642,115802.132812
348643,127324.445312
348644,1068.83862305
348645,27556.1582031
348646,8540.95214844
348647,105405.148438
348648,5823.80615234
348649,20342.0488281
348650,2554.53637695
348651,21400.296875
348652,20867.8710938
348653,158667.359375
348654,9573.94238281
348655,30099.6132812
348656,11473.7548828
348657,2798.73168945
348658,44764.2265625
348659,1033.74389648
348660,499.579437256
348661,10993.2958984
348662,2690.40649414
348663,15948.2285156
348664,1527710.25
348665,99152.0078125
348666,265060.28125
348667,1073317.375
348668,88947.59375
348669,34106.203125
348670,30076.6640625
348671,2158.86328125
348672,43506.3671875
348673,226.195556641
348674,392.303588867
348675,2306117.75
348676,380936.03125
348677,7493.16259766
348678,50013.0898438
348679,351593.0
348680,16363.1865234
348681,436.316040039
348682,24715.8515625
348683,1966.9486084
348684,1826.77868652
348685,10403.6474609
348686,83810.359375
348687,6841.09814453
348688,94041.7109375
348689,12670.2841797
348690,6888.63427734
348691,164160.453125
348692,15677.5791016
348693,134079.359375
348694,94094.375
348695,96593.6328125
348696,109544.273438
348697,110857.648438
348698,1745.99694824
348699,15939.0820312
348700,12267.1035156
348701,85095.078125
348702,8488.42480469
348703,43009.171875
348704,84186.1171875
348705,103628.90625
348706,112266.382812
348707,33879.5703125
348708,7347.88085938
348709,46404.6914062
348710,88492.3671875
348711,24773.6367188
348712,5629.203125
348713,108447.398438
348714,112613.78125
348715,131366.296875
348716,10417.8671875
348717,197.108856201
348718,1994.49230957
348719,3474.16894531
348720,10419.7324219
348721,111432.171875
348722,2074.89208984
348723,1622.00244141
348724,12426.8662109
348725,11199.8056641
348726,9098.56933594
348727,56537.125
348728,241890.515625
348729,23334.0175781
348730,958469.0
348731,322803.78125
348732,26438.0625
348733,145403.8125
348734,1055.28601074
348735,2540131.25
348736,41898.5664062
348737,63691.6835938
348738,738208.4375
348739,583629.4375
348740,568292.5
348741,1383519.875
348742,103274.085938
348743,126139.9375
348744,1828.95483398
348745,10245.5068359
348746,355.480010986
348747,13544.7910156
348748,103697.890625
348749,2100.86547852
348750,31847.3164062
348751,386349.6875
348752,110352.570312
348753,559375.125
348754,261032.015625
348755,108039.21875
348756,49996.234375
348757,801.86920166
348758,18131.4765625
348759,181969.109375
348760,680862.3125
348761,316755.75
348762,15576.4912109
348763,25380.4238281
348764,196.60244751
348765,11708.5439453
348766,87941.25
348767,2617.48046875
348768,267.634979248
348769,99856.640625
348770,12088.1181641
348771,1465.73815918
348772,813.434020996
348773,101577.75
348774,708567.875
348775,2267.09179688
348776,20629.7167969
348777,316.910339355
348778,17636.6386719
348779,104192.289062
348780,128385.898438
348781,105827.570312
348782,262685.1875
348783,372194.46875
348784,13152.6025391
348785,8653.34765625
348786,13941.1962891
348787,2887.02636719
348788,3009.86352539
348789,87877.984375
348790,15577.2119141
348791,621975.0625
348792,430946.4375
348793,342.981781006
348794,388.919769287
348795,31.3368034363
348796,2051.35107422
348797,1810.30041504
348798,86318.515625
348799,8671.88378906
348800,1211.26330566
348801,2544.31201172
348802,1588.56994629
348803,648.045715332
348804,1862.71801758
348805,1827.89172363
348806,789184.9375
348807,29648.7753906
348808,1209392.125
348809,332345.625
348810,22860.28125
348811,13616.4394531
348812,1459.68029785
348813,26672.2695312
348814,32826.7421875
348815,106144.921875
348816,169686.90625
348817,87340.8203125
348818,244.4296875
348819,277774.09375
348820,19469.9140625
348821,335.857391357
348822,60.6030845642
348823,17933.3789062
348824,105.568840027
348825,56.9890174866
348826,442.352294922
348827,139.166107178
348828,120791.476562
348829,697966.0
348830,292520.125
348831,587150.375
348832,29070.0898438
348833,1810.97570801
348834,25779.703125
348835,99673.3671875
348836,485247.15625
348837,139.96446228
348838,397.334289551
348839,257.78314209
348840,3775.52612305
348841,36688.6054688
348842,15971.5566406
348843,383.815551758
348844,5469.03710938
348845,183811.890625
348846,541127.75
348847,16876.7265625
349519,1188.81604004
349520,26421.4003906
349521,291921.25
349522,38525.4335938
349523,22.2047977448
349524,127399.320312
349525,74076.3125
349526,66394.9765625
349527,76203.59375
349528,768.76385498
349529,584.631286621
349530,59561.4570312
349531,260172.640625
349532,26917.7734375
349533,1435.13500977
349534,214208.078125
349535,83854.484375
349536,547847.3125
349537,551642.8125
349538,1313.86010742
349539,96995.3515625
349540,71084.1796875
349541,1232.37988281
349542,28775.2304688
349543,11401.1113281
349544,144839.875
349545,6784.63183594
349546,18751.8378906
349547,3294.23999023
349548,28600.1347656
349549,16915.9804688
349550,161872.125
349551,13164.0830078
349552,27950.5136719
349553,11787.2890625
349554,1145.81799316
349555,45265.7109375
349556,1019.32733154
349557,271.67980957
349558,18122.5253906
349559,14773.8037109
349560,17174.4238281
349561,1642562.0
349562,71570.0
349563,258158.3125
349564,1135377.125
349565,90917.3203125
349566,41755.0507812
349567,26925.6992188
349568,224.970291138
349569,49270.4179688
349570,195.046234131
349571,336.349578857
349572,2415489.25
349573,445926.625
349574,4900.68505859
349575,50144.4375
349576,369580.875
349577,19978.8515625
349578,706.18145752
349579,35706.4296875
349580,1198.70715332
349581,1371.41259766
349582,9065.46289062
349583,102109.742188
349584,10188.7138672
349585,123559.179688
349586,8409.01269531
349587,7310.75927734
349588,149273.390625
349589,15474.0546875
349590,131850.515625
349591,102752.234375
349592,127498.070312
349593,56707.0742188
349594,82678.109375
349595,3533.52416992
349596,18856.9570312
349597,11138.2265625
349598,80686.0625
349599,11324.4726562
349600,46514.7070312
349601,68553.046875
349602,179778.015625
349603,103710.625
349604,27087.9472656
349605,7135.16113281
349606,82510.7421875
349607,82007.421875
349608,40612.6953125
349609,6310.71777344
349610,104219.390625
349611,139421.703125
349612,138542.390625
349613,10035.7421875
349614,341.982574463
349615,1347.22412109
349616,2251.10205078
349617,12103.9550781
349618,160711.40625
349619,815.08392334
349620,417.00402832
349621,13452.4570312
349622,4694.56689453
349623,4438.70703125
349624,77455.8203125
349625,201186.578125
349626,35070.53125
349627,1177004.125
349628,342807.40625
349629,37949.0625
349630,123107.320312
349631,636.613891602
349632,2264311.25
349633,66694.265625
349634,41054.0195312
349635,975896.4375
349636,637485.4375
349637,617511.375
349638,1731997.5
349639,120980.679688
349640,133962.296875
349641,1477.45532227
349642,13721.3876953
349643,186.202514648
349644,15456.1416016
349645,61908.2304688
349646,2080.8605957
349647,25480.7675781
349648,518662.71875
349649,140251.640625
349650,639279.9375
349651,317084.40625
349652,107850.820312
349653,81303.4453125
349654,370.495880127
349655,19760.2363281
349656,249784.75
349657,627265.8125
349658,281268.5
349659,20935.5976562
349660,31698.1777344
349661,308.889160156
349662,10980.0566406
349663,118166.40625
349664,1274.16625977
349665,444.07800293
349666,60701.671875
349667,13803.6953125
349668,1255.1607666
349669,556.069335938
349670,124399.398438
349671,976831.4375
349672,1309.41577148
349673,12821.6259766
349674,205.622833252
349675,33532.5546875
349676,70654.3125
349677,136323.3125
349678,117883.289062
349679,328636.09375
349680,455739.8125
349681,19084.7324219
349682,8334.55371094
349683,14001.2802734
349684,1070.6907959
349685,924.13684082
349686,79221.265625
349687,16597.2988281
349688,616989.25
349689,603434.9375
349690,311.263275146
349691,309.070739746
349692,21.3406333923
349693,1383.57458496
349694,1376.16821289
349695,81950.2890625
349696,12068.1347656
349697,313.460083008
349698,2845.32128906
349699,301.926696777
349700,226.287948608
349701,1056.57885742
349702,1327.23364258
349703,1003087.0
349704,32319.84375
349705,1309837.125
349706,418324.375
349707,27085.1777344
349708,12117.9296875
349709,469.674591064
349710,36065.3125
349711,66294.6484375
349712,63700.4726562
349713,156145.78125
349714,89246.4296875
349715,16.346321106
349716,332883.71875
349717,18880.9667969
349718,262.966918945
349719,47.5777359009
349720,22631.5410156
349721,52.3108291626
349722,60.9031181335
349723,204.072265625
349724,175.413269043
349725,138518.234375
349726,707644.375
349727,282331.09375
349728,588249.3125
349729,28343.7304688
349730,1010.08026123
349731,30656.625
349732,107473.898438
349733,544519.875
349734,116.666542053
349735,224.795852661
349736,146.919754028
349737,4628.05273438
349738,57058.0703125
349739,16247.5078125
349740,349.545471191
349741,5019.58496094
349742,165351.859375
349743,558081.1875
349744,21491.9980469
349745,26873.3496094
349746,291921.25
349747,38906.9335938
349748,22.2047977448
349749,128821.226562
349750,74073.484375
349751,66394.9765625
349752,76203.59375
349753,768.76385498
349754,584.631286621
349755,59561.4570312
349756,260172.640625
349757,27460.4511719
349758,1642562.0
349759,1188.81604004
349760,1431.08349609
349761,214233.46875
349762,83854.484375
349763,547847.3125
349764,551642.8125
349765,1313.86010742
349766,96995.3515625
349767,71084.1796875
349768,1323.57299805
349769,29842.9589844
349770,11401.1113281
349771,144839.875
349772,6784.63183594
349773,17202.7441406
349774,10980.0566406
349775,29138.0
349776,16915.9804688
349777,161873.09375
349778,13164.0830078
349779,28446.3691406
349780,11787.2890625
349781,1145.81799316
349782,45449.6796875
349783,1026.61083984
349784,278.963348389
349785,18122.5253906
349786,14773.8037109
349787,4902.24755859
349788,3294.23999023
349789,71570.0
349790,258158.3125
349791,1221504.625
349792,90917.3203125
349793,41832.6054688
349794,27119.78125
349795,232.253768921
349796,49635.7070312
349797,195.046234131
349798,336.349578857
349799,2540589.25
349800,445926.625
349801,16011.9199219
349802,132009.734375
349803,369580.875
349804,19978.8515625
349805,706.18145752
349806,41385.9296875
349807,1286.3782959
349808,1371.41259766
349809,9065.46289062
349810,102109.742188
349811,10188.7138672
349812,123559.179688
349813,8409.01269531
349814,7827.32128906
349815,149274.34375
349816,636.613891602
349817,50144.4375
349818,102911.453125
349819,127657.289062
349820,56707.0742188
349821,3533.52416992
349822,18908.9921875
349823,11138.2265625
349824,80686.0625
349825,11324.4726562
349826,68553.046875
349827,179768.25
349828,103710.625
349829,46514.7070312
349830,12103.9550781
349831,160711.40625
349832,7135.16113281
349833,82510.7421875
349834,82007.421875
349835,40612.6953125
349836,6310.71777344
349837,104219.390625
349838,139421.703125
349839,138815.703125
349840,10035.7421875
349841,341.982574463
349842,1347.22412109
349843,2251.10205078
349844,19072.4863281
349845,34404.1523438
349846,815.08392334
349847,417.00402832
349848,13356.1015625
349849,4694.56689453
349850,4439.16552734
349851,77455.8203125
349852,201186.578125
349853,35246.9882812
349854,1177004.125
349855,342807.40625
349856,42780.9375
349857,123436.21875
349858,2389410.75
349859,66694.265625
349860,41054.0195312
349861,978231.5625
349862,641121.3125
349863,621147.25
349864,1731997.5
349865,121081.414062
349866,133962.296875
349867,1477.45532227
349868,13721.3876953
349869,186.202514648
349870,15456.1416016
349871,61908.2304688
349872,2080.8605957
349873,25758.7832031
349874,518667.6875
349875,140251.640625
349876,639279.9375
349877,317084.40625
349878,107850.820312
349879,81303.4453125
349880,377.779327393
349881,19760.2363281
349882,249784.75
349883,629678.4375
349884,281268.5
349885,21473.4628906
349886,32094.4609375
349887,311.740722656
349888,36699.90625
349889,1274.16625977
349890,60701.671875
349891,118267.140625
349892,13761.0771484
349893,1255.1607666
349894,556.069335938
349895,124500.140625
349896,979166.5625
349897,82678.109375
349898,1309.41577148
349899,12873.6591797
349900,205.622833252
349901,444.07800293
349902,70654.3125
349903,136725.828125
349904,117883.289062
349905,328636.09375
349906,455742.6875
349907,19067.5800781
349908,8334.55371094
349909,14001.2802734
349910,1161.88366699
349911,924.13684082
349912,79221.046875
349913,16789.5878906
349914,617676.375
349915,1327.23364258
349916,311.263275146
349917,309.529022217
349918,21.3406333923
349919,281.205383301
349920,1379.52307129
349921,1376.16821289
349922,81950.2890625
349923,12068.1347656
349924,320.743530273
349925,2845.32128906
349926,309.210174561
349927,233.57144165
349928,1056.57885742
349929,32771.7851562
349930,1057314.25
349931,603434.9375
349932,1309837.125
349933,418324.375
349934,27797.125
349935,12146.2519531
349936,469.674591064
349937,36607.9921875
349938,66294.8359375
349939,63700.4726562
349940,156146.75
349941,89246.4296875
349942,332883.71875
349943,262.966918945
349944,18909.2871094
349945,23169.4042969
349946,52.3108291626
349947,60.9031181335
349948,204.072265625
349949,175.413269043
349950,138518.234375
349951,709984.375
349952,282331.09375
349953,588261.1875
349954,28850.1328125
349955,1010.08026123
349956,31253.7617188
349957,107574.632812
349958,47.9979362488
349959,116.666542053
349960,224.795852661
349961,146.919754028
349962,4628.05273438
349963,57058.0703125
349964,16327.8632812
349965,544519.875
349966,566591.8125
349967,165342.09375
349968,22084.7128906
349969,349.545471191
349970,5019.58496094
350191,1689.73840332
350192,17337.3242188
350193,186759.953125
350194,30720.109375
350195,212.120727539
350196,67934.3671875
350197,54965.21875
350198,66676.890625
350199,75703.25
350200,1990.36132812
350201,1492.55541992
350202,38810.015625
350203,126000.804688
350204,23031.8808594
350205,1983.8236084
350206,84167.59375
350207,65256.0078125
350208,222465.84375
350209,231417.171875
350210,2301.20288086
350211,67886.578125
350212,49122.96875
350213,1022.51202393
350214,18785.7949219
350215,4082.95947266
350216,56955.1484375
350217,4655.88037109
350218,18601.3652344
350219,2665.60253906
350220,17148.7871094
350221,19606.6992188
350222,102115.320312
350223,5438.74804688
350224,17769.421875
350225,9865.41601562
350226,2639.80883789
350227,32228.9023438
350228,968.068725586
350229,124.344474792
350230,8042.41796875
350231,2992.9375
350232,16142.2314453
350233,825059.625
350234,72522.453125
350235,170462.96875
350236,749020.5
350237,52599.0117188
350238,26118.3105469
350239,21392.6445312
350240,437.113983154
350241,33219.296875
350242,53.3702735901
350243,129.24281311
350244,1892184.375
350245,225858.640625
350246,4051.99414062
350247,33751.2421875
350248,122759.820312
350249,12615.0917969
350250,462.233032227
350251,16266.5869141
350252,1318.58251953
350253,611.237121582
350254,9503.52050781
350255,120986.617188
350256,2443.59912109
350257,136744.25
350258,39122.0039062
350259,3524.62841797
350260,92836.5234375
350261,15611.9550781
350262,86948.6015625
350263,138050.75
350264,126066.3125
350265,41648.9179688
350266,49619.9960938
350267,2793.16186523
350268,12296.6923828
350269,11819.1513672
350270,42568.9414062
350271,4341.91162109
350272,29850.3515625
350273,43331.5195312
350274,84954.1953125
350275,71938.7890625
350276,18609.4628906
350277,4124.94335938
350278,43245.8046875
350279,52504.6953125
350280,24254.8027344
350281,3683.80541992
350282,49190.28125
350283,50342.6835938
350284,108755.101562
350285,8482.90722656
350286,316.645843506
350287,1403.08239746
350288,1308.49499512
350289,12164.3603516
350290,74825.234375
350291,1910.68664551
350292,396.425476074
350293,15938.8476562
350294,3041.54492188
350295,3117.70654297
350296,47356.484375
350297,193834.8125
350298,21902.9179688
350299,973952.375
350300,128232.375
350301,18187.1875
350302,100558.210938
350303,552.651550293
350304,1785456.375
350305,32935.3203125
350306,27980.2304688
350307,317894.09375
350308,233570.953125
350309,296930.4375
350310,969254.5
350311,89454.7578125
350312,66021.4609375
350313,2420.45019531
350314,4523.37304688
350315,138.619873047
350316,9955.09667969
350317,57895.4101562
350318,3310.00976562
350319,22491.09375
350320,223541.1875
350321,66381.96875
350322,226816.578125
350323,107091.867188
350324,56661.0976562
350325,38090.2109375
350326,644.057556152
350327,13983.7753906
350328,113572.53125
350329,314729.5625
350330,194803.28125
350331,15960.6523438
350332,22290.0546875
350333,164.066070557
350334,8581.83789062
350335,72948.5234375
350336,2697.56005859
350337,902.944824219
350338,46765.6992188
350339,9898.49023438
350340,2312.80908203
350341,736.352355957
350342,92338.4375
350343,393252.875
350344,1588.24511719
350345,14463.7587891
350346,195.528503418
350347,22267.9355469
350348,46085.8085938
350349,93159.7421875
350350,71806.71875
350351,111121.734375
350352,218968.25
350353,10248.2441406
350354,4829.37011719
350355,9717.39648438
350356,1140.4597168
350357,1973.81689453
350358,46583.0820312
350359,17587.2578125
350360,243390.15625
350361,208877.015625
350362,261.868225098
350363,655.121948242
350364,38.1032867432
350365,1926.15002441
350366,1127.98095703
350367,46389.3359375
350368,4531.69042969
350369,1335.21655273
350370,2827.09985352
350371,1359.53955078
350372,330.310546875
350373,1165.44641113
350374,3212.06030273
350375,657801.4375
350376,21758.3222656
350377,739853.0625
350378,208667.640625
350379,21340.5507812
350380,11525.9140625
350381,871.930664062
350382,21302.3789062
350383,33092.203125
350384,64028.4023438
350385,100344.90625
350386,46672.4960938
350387,51.9713020325
350388,107246.15625
350389,16396.3320312
350390,554.550964355
350391,82.701461792
350392,17792.296875
350393,271.305603027
350394,77.5029983521
350395,510.705200195
350396,234.569000244
350397,72193.40625
350398,301516.28125
350399,127761.703125
350400,243621.734375
350401,23475.9042969
350402,1694.81848145
350403,23782.359375
350404,90783.2109375
350405,248139.078125
350406,67.06640625
350407,94.9941329956
350408,89.6888885498
350409,3655.54760742
350410,30040.2363281
350411,15127.3427734
350412,454.145019531
350413,3235.12255859
350414,96874.4921875
350415,247129.015625
350416,17378.3144531
350417,18426.4453125
350418,186759.953125
350419,30821.0546875
350420,212.120727539
350421,67934.3671875
350422,55174.2890625
350423,66676.890625
350424,75703.25
350425,1948.24279785
350426,1492.55541992
350427,39015.875
350428,126000.804688
350429,24060.0371094
350430,856959.375
350431,1689.73840332
350432,1981.20007324
350433,84320.6875
350434,67670.6796875
350435,222465.84375
350436,231417.171875
350437,2301.20288086
350438,67886.578125
350439,49122.96875
350440,1029.79553223
350441,19874.9082031
350442,4235.29052734
350443,56955.1484375
350444,4668.82861328
350445,16153.1240234
350446,9407.61132812
350447,17801.8574219
350448,19606.6992188
350449,102115.320312
350450,7208.07421875
350451,18900.0976562
350452,10654.0410156
350453,2639.80883789
350454,32237.4570312
350455,975.352233887
350456,131.627929688
350457,8647.06054688
350458,2992.9375
350459,4467.44287109
350460,2665.60253906
350461,72522.453125
350462,170462.96875
350463,762329.875
350464,52599.0117188
350465,27248.9824219
350466,21420.9648438
350467,444.397491455
350468,33231.9296875
350469,53.8285522461
350470,129.24281311
350471,2002373.375
350472,225853.59375
350473,15611.9550781
350474,86971.6015625
350475,122759.820312
350476,12504.0234375
350477,533.17010498
350478,17330.7910156
350479,1319.04077148
350480,611.237121582
350481,9374.83300781
350482,120986.617188
350483,2633.24658203
350484,136745.3125
350485,40711.421875
350486,3524.62841797
350487,92836.5234375
350488,552.651550293
350489,33762.609375
350490,138050.75
350491,126066.3125
350492,41648.9179688
350493,2793.16186523
350494,12191.4013672
350495,11736.9746094
350496,42568.9414062
350497,4829.37744141
350498,43331.5195312
350499,85037.2734375
350500,71964.3046875
350501,29952.8320312
350502,12069.9619141
350503,74825.234375
350504,4641.75634766
350505,43263.5625
350506,52504.6953125
350507,24364.8652344
350508,3969.70581055
350509,49190.28125
350510,50342.6835938
350511,108755.101562
350512,8884.64941406
350513,316.645843506
350514,1403.08239746
350515,1323.29711914
350516,18615.8574219
350517,19262.53125
350518,1910.68664551
350519,396.425476074
350520,16591.921875
350521,3193.07958984
350522,3132.50854492
350523,47565.5625
350524,193834.8125
350525,22932.6679688
350526,1006285.375
350527,128232.375
350528,18191.1796875
350529,100634.5625
350530,1895645.625
350531,32935.3203125
350532,28018.6835938
350533,317894.09375
350534,233582.890625
350535,296962.96875
350536,969254.5
350537,89454.7578125
350538,66021.4609375
350539,2420.45019531
350540,4891.3125
350541,138.619873047
350542,10278.3740234
350543,57876.8789062
350544,3310.00976562
350545,23520.8476562
350546,223546.40625
350547,66381.96875
350548,226923.109375
350549,107091.867188
350550,56661.0976562
350551,38293.875
350552,644.057556152
350553,13994.6679688
350554,113572.53125
350555,314864.4375
350556,194803.28125
350557,17073.265625
350558,23319.8085938
350559,164.066070557
350560,22267.9355469
350561,2645.64599609
350562,46747.1601562
350563,72948.5234375
350564,10494.6523438
350565,2312.80908203
350566,736.352355957
350567,92338.4375
350568,423466.875
350569,49619.9960938
350570,1588.24511719
350571,15552.8740234
350572,195.528503418
350573,902.944824219
350574,46085.8085938
350575,93159.7421875
350576,71806.71875
350577,111121.734375
350578,218949.96875
350579,10339.2109375
350580,5016.91894531
350581,9974.17773438
350582,1140.4597168
350583,1973.81689453
350584,46773.6210938
350585,18240.328125
350586,243422.65625
350587,3212.06030273
350588,261.868225098
350589,655.580200195
350590,41.4205474854
350591,281.205383301
350592,1926.15002441
350593,1135.2644043
350594,46389.3359375
350595,4554.80566406
350596,1342.5
350597,2827.09985352
350598,1366.82299805
350599,330.310546875
350600,1165.44641113
350601,22870.9394531
350602,657801.4375
350603,209211.3125
350604,746268.5625
350605,208667.640625
350606,22297.6796875
350607,11443.7382812
350608,879.214233398
350609,22332.1328125
350610,33094.3359375
350611,64028.4023438
350612,100344.90625
350613,46672.4960938
350614,107246.15625
350615,554.550964355
350616,16466.2207031
350617,17815.796875
350618,271.305603027
350619,77.5029983521
350620,510.705200195
350621,234.569000244
350622,72193.40625
350623,301589.0
350624,127761.703125
350625,243789.40625
350626,23545.7832031
350627,1694.81848145
350628,24717.8710938
350629,90957.0078125
350630,82.701461792
350631,67.5246810913
350632,94.9941329956
350633,89.6888885498
350634,3794.51049805
350635,30042.3730469
350636,15135.8183594
350637,248139.078125
350638,247618.734375
350639,96874.4921875
350640,17309.8164062
350641,454.145019531
350642,3235.12255859
350643,86781.921875
350644,49679.8554688
350645,2037.64221191
350646,1817.78405762
350647,26208.6425781
350648,186759.953125
350649,32897.3125
350650,67920.3671875
350651,67658.7109375
350652,67263.3203125
350653,75577.3203125
350654,1958.91992188
350655,1514.24743652
350656,74825.234375
350657,66787.2109375
350658,235473.28125
350659,244424.625
350660,2270.38574219
350661,67886.578125
350662,59752.390625
350663,1122.32543945
350664,20454.90625
350665,4643.60595703
350666,67605.65625
350667,5198.734375
350668,18614.2324219
350669,53897.3085938
350670,171172.71875
350671,102115.320312
350672,7879.43164062
350673,24316.5527344
350674,10897.3847656
350675,2651.25927734
350676,37078.0351562
350677,1021.28985596
350678,148.17250061
350679,9705.36230469
350680,3856.05151367
350681,16090.0078125
350682,3201.96655273
350683,72522.2265625
350684,126000.804688
350685,762965.375
350686,63229.1210938
350687,31530.0546875
350688,21419.0527344
350689,465.839050293
350690,38103.2226562
350691,86.4619216919
350692,157.414703369
350693,2002374.125
350694,238880.53125
350695,5096.59521484
350696,856959.8125
350697,24062.2597656
350698,44393.8671875
350699,12480.3232422
350700,547.24230957
350701,25273.2246094
350702,1373.2755127
350703,685.523498535
350704,10560.5205078
350705,120986.617188
350706,2632.67114258
350707,142349.28125
350708,42730.7929688
350709,4283.94677734
350710,92836.5234375
350711,15617.265625
350712,122759.820312
350713,138050.75
350714,126066.3125
350715,52278.5507812
350716,2801.60595703
350717,12130.1689453
350718,12931.3496094
350719,53198.5820312
350720,5520.98681641
350721,34788.7148438
350722,54033.1835938
350723,84970.3671875
350724,75265.6015625
350725,17796.3964844
350726,410.708099365
350727,66223.984375
350728,32234.4257812
350729,4140.125
350730,59819.9140625
350731,58889.0429688
350732,108741.101562
350733,9380.12792969
350734,337.405059814
350735,1459.47937012
350736,2351.18139648
350737,12014.6708984
350738,19264.1367188
350739,1919.16174316
350740,5031.26757812
350741,16524.625
350742,3316.38818359
350743,3010.4699707
350744,58197.7421875
350745,193834.8125
350746,27068.4746094
350747,1006285.375
350748,128232.375
350749,21234.9609375
350750,100603.867188
350751,564.20703125
350752,86957.6171875
350753,1895645.625
350754,32161.625
350755,317894.09375
350756,246590.328125
350757,296962.96875
350758,969361.0625
350759,89454.7578125
350760,74567.8515625
350761,2373.83886719
350762,6048.52392578
350763,149.400787354
350764,10203.5263672
350765,68506.5546875
350766,3326.95776367
350767,40723.8828125
350768,236553.859375
350769,74928.34375
350770,239930.546875
350771,107091.867188
350772,67290.7734375
350773,48928.7265625
350774,812.772277832
350775,13935.6054688
350776,113572.53125
350777,314864.4375
350778,207810.71875
350779,17508.3027344
350780,28233.4648438
350781,56715.3398438
350782,19612.6621094
350783,72947.6328125
350784,2664.52905273
350785,57376.3164062
350786,11002.2949219
350787,2303.2980957
350788,675.911743164
350789,92337.703125
350790,423466.875
350791,58166.3554688
350792,1608.05126953
350793,18268.2871094
350794,204.332992554
350795,9940.625
350796,93159.0
350797,71806.71875
350798,111121.734375
350799,232013.25
350800,10662.8574219
350801,5579.51367188
350802,10946.9160156
350803,1118.15759277
350804,2641.02246094
350805,57403.1523438
350806,18230.7128906
350807,256430.125
350808,25639.4414062
350809,746268.5625
350810,684.044311523
350811,1981.10021973
350812,1164.69750977
350813,57028.3515625
350814,5768.93457031
350815,1477.56420898
350816,2865.64306641
350817,1374.39916992
350818,371.288848877
350819,1165.22387695
350820,3308.60546875
350821,657801.4375
350822,222218.75
350823,27121.6523438
350824,221675.109375
350825,22305.8027344
350826,11369.6816406
350827,869.80859375
350828,25511.125
350829,43745.2695312
350830,64028.4023438
350831,100344.90625
350832,57301.9101562
350833,83.5645828247
350834,107246.15625
350835,22279.5605469
350836,18440.0136719
350837,93.1199951172
350838,329.975372314
350839,18011.1855469
350840,552.435974121
350841,260.893737793
350842,72193.40625
350843,301589.0
350844,127761.703125
350845,256796.875
350846,27899.9726562
350847,1738.08459473
350848,31253.6386719
350849,261146.515625
350850,90922.0234375
350851,96874.4921875
350852,260626.203125
350853,626.936889648
350854,77.1652679443
350855,109.009613037
350856,106.248291016
350857,4386.24316406
350858,33762.6796875
350859,17237.9179688
350860,15069.4121094
350861,472.586212158
350862,3702.72314453
350863,16377.4580078
350864,152687.75
350865,15393.5712891
350866,248.666641235
350867,92852.1484375
350868,79552.0
350869,41138.5117188
350870,59884.375
350871,2097.25561523
350872,1311.14770508
350873,37994.8203125
350874,126084.929688
350875,14755.4941406
350876,1024916.0625
350877,1643.28942871
350878,1560.16259766
350879,127373.929688
350880,89995.59375
350881,345752.90625
350882,395630.375
350883,1737.58154297
350884,77869.65625
350885,39261.6210938
350886,890.272521973
350887,14884.0400391
350888,7004.08203125
350889,96731.109375
350890,4144.54345703
350891,11540.1425781
350892,6468.61767578
350893,15367.8847656
350894,11854.4345703
350895,121454.726562
350896,7143.93164062
350897,15003.7392578
350898,9484.24316406
350899,1869.16833496
350900,33366.4960938
350901,1402.71459961
350902,114.875724792
350903,15926.3339844
350904,2371.5144043
350905,5316.03710938
350906,2199.63061523
350907,73706.7265625
350908,241419.9375
350909,840721.375
350910,86413.8671875
350911,14386.3603516
350912,16502.1425781
350913,495.021240234
350914,33353.6523438
350915,140.200759888
350916,217.75038147
350917,2129856.25
350918,285985.71875
350919,10472.2451172
350920,113636.882812
350921,199565.09375
350922,12513.3193359
350923,1155.06750488
350924,30237.6640625
350925,1568.94140625
350926,1417.93591309
350927,13590.2460938
350928,103068.664062
350929,3754.37670898
350930,63470.5351562
350931,10868.6611328
350932,2897.23071289
350933,123432.5625
350934,1097.89697266
350935,20975.9648438
350936,58713.5273438
350937,67695.6796875
350938,43902.5195312
350939,876.973449707
350940,12619.3369141
350941,11623.5371094
350942,30744.5859375
350943,6733.98974609
350944,41574.0273438
350945,87307.703125
350946,88012.9375
350947,17302.3046875
350948,10290.9404297
350949,74935.1484375
350950,5557.81005859
350951,35637.90625
350952,40473.828125
350953,19182.3710938
350954,4418.27929688
350955,36151.640625
350956,76997.2734375
350957,115334.046875
350958,7841.79052734
350959,244.913803101
350960,1530.32019043
350961,1588.76293945
350962,18078.3945312
350963,23615.6074219
350964,2025.55151367
350965,2302.49389648
350966,11146.6142578
350967,3619.65551758
350968,3135.72216797
350969,29669.4472656
350970,136748.6875
350971,15822.1191406
350972,881376.0625
350973,136768.984375
350974,17160.5761719
350975,108662.820312
350976,1728792.125
350977,16226.4736328
350978,17511.5742188
350979,456228.84375
350980,363097.875
350981,379571.8125
350982,729015.4375
350983,50389.9179688
350984,73002.109375
350985,1707.72375488
350986,4611.65136719
350987,85.4248657227
350988,11122.8154297
350989,84749.203125
350990,2398.421875
350991,13438.0683594
350992,320028.75
350993,66945.7109375
350994,426982.28125
350995,110903.179688
350996,83916.5390625
350997,35360.65625
350998,654.423950195
350999,12609.9580078
351000,131082.34375
351001,519724.84375
351002,220235.4375
351003,12230.7783203
351004,17388.9453125
351005,70.8349456787
351006,12998.0830078
351007,1504.82531738
351008,75951.609375
351009,62425.1640625
351010,9523.35546875
351011,1315.55285645
351012,984.467224121
351013,51067.2304688
351014,472132.34375
351015,30119.21875
351016,1751.41345215
351017,16396.5800781
351018,177.346557617
351019,174.373321533
351020,86084.1171875
351021,108829.203125
351022,83479.671875
351023,140884.1875
351024,262336.4375
351025,10114.6699219
351026,5034.20361328
351027,9792.71875
351028,1776.6138916
351029,2182.39257812
351030,44992.484375
351031,10272.6289062
351032,440973.9375
351033,2147.28833008
351034,252.405685425
351035,378.490325928
351036,44.9651031494
351037,281.205383301
351038,1050.61340332
351039,947.173034668
351040,51313.375
351041,7833.88916016
351042,827.577209473
351043,2050.14916992
351044,956.020507812
351045,406.338867188
351046,1460.5982666
351047,15854.7597656
351048,763043.375
351049,340953.125
351050,848564.25
351051,224739.390625
351052,16708.7636719
351053,9439.703125
351054,1059.55187988
351055,17210.1660156
351056,22281.8515625
351057,34600.328125
351058,107841.851562
351059,79899.375
351060,128265.429688
351061,211.01802063
351062,11035.734375
351063,14976.3828125
351064,48.2688407898
351065,117.484397888
351066,486.813812256
351067,108.563591003
351068,88643.6875
351069,495132.03125
351070,132146.421875
351071,417783.1875
351072,13779.0429688
351073,1068.31005859
351074,22597.6503906
351075,87656.4140625
351076,40.2457313538
351077,29.6711139679
351078,107.251335144
351079,169.467010498
351080,3165.26513672
351081,30641.9316406
351082,13118.9238281
351083,412682.28125
351084,421032.90625
351085,122118.25
351086,12590.6230469
351087,307.916534424
351088,2447.26000977
351089,145805.65625
351090,49246.46875
351091,2042.21350098
351092,1846.91601562
351093,22329.2714844
351094,212894.234375
351095,22759.2890625
351096,104126.273438
351097,83597.90625
351098,81344.46875
351099,81009.3828125
351100,1956.46984863
351101,1355.94726562
351102,91331.765625
351103,86842.78125
351104,389414.71875
351105,418277.25
351106,2019.80212402
351107,120669.90625
351108,74733.453125
351109,934.479125977
351110,16769.2441406
351111,7567.3828125
351112,117566.203125
351113,6047.37890625
351114,18421.6601562
351115,54792.484375
351116,347589.34375
351117,152522.078125
351118,7572.296875
351119,17102.6015625
351120,10211.0683594
351121,1760.96643066
351122,39685.2421875
351123,1614.24511719
351124,137.823776245
351125,16472.0957031
351126,3916.13208008
351127,12887.2597656
351128,3855.95751953
351129,89136.0703125
351130,175817.671875
351131,864620.9375
351132,91416.859375
351133,21591.40625
351134,22928.9804688
351135,550.462219238
351136,38745.8398438
351137,194.979476929
351138,228.406356812
351139,2300485.75
351140,331377.40625
351141,6074.49462891
351142,1058929.375
351143,16879.3300781
351144,30593.109375
351145,13122.0869141
351146,1236.4519043
351147,37636.3164062
351148,1711.98730469
351149,1487.74487305
351150,13183.8046875
351151,161200.78125
351152,4596.74267578
351153,114946.546875
351154,11763.9677734
351155,6831.109375
351156,142103.984375
351157,10660.078125
351158,275562.375
351159,116073.585938
351160,116146.15625
351161,82701.6640625
351162,1000.56329346
351163,13263.3398438
351164,12325.4296875
351165,63999.625
351166,6786.03759766
351167,32670.0390625
351168,61957.7109375
351169,109013.804688
351170,110687.890625
351171,15402.6357422
351172,2320.65991211
351173,65878.390625
351174,26987.109375
351175,6232.97412109
351176,73922.34375
351177,80775.2734375
351178,122374.0
351179,8486.27148438
351180,254.247146606
351181,2748.3425293
351182,4174.86035156
351183,10709.0732422
351184,24338.9589844
351185,2325.83251953
351186,6045.49560547
351187,12066.8916016
351188,4448.82763672
351189,4143.95117188
351190,58625.9765625
351191,185649.953125
351192,22046.5898438
351193,918808.8125
351194,181238.265625
351195,24832.0058594
351196,139841.0625
351197,1080.16186523
351198,122551.414062
351199,1900376.125
351200,19195.703125
351201,487636.59375
351202,403268.8125
351203,419212.8125
351204,795617.4375
351205,104378.304688
351206,108714.875
351207,1840.51806641
351208,4941.28857422
351209,131.860015869
351210,11243.6484375
351211,97416.40625
351212,3245.41235352
351213,26794.5253906
351214,374030.3125
351215,87897.25
351216,441690.46875
351217,136068.265625
351218,91818.5703125
351219,52142.7890625
351220,741.459472656
351221,13658.7197266
351222,204386.625
351223,519900.78125
351224,273354.90625
351225,12052.1318359
351226,21120.1484375
351227,98751.40625
351228,12346.3398438
351229,114480.976562
351230,1397.03918457
351231,89643.765625
351232,11364.1933594
351233,3531.22851562
351234,1300.77868652
351235,122161.195312
351236,519930.09375
351237,66289.8671875
351238,3417.12353516
351239,25130.9023438
351240,98.8106155396
351241,6948.75292969
351242,110991.203125
351243,108377.859375
351244,177062.375
351245,303917.9375
351246,11037.3505859
351247,5698.77001953
351248,10276.4833984
351249,1945.19812012
351250,3016.81591797
351251,63287.4140625
351252,10336.5097656
351253,460552.0
351254,18573.8691406
351255,882575.375
351256,413.854248047
351257,1069.61328125
351258,1089.5958252
351259,76773.1640625
351260,9153.76074219
351261,890.26965332
351262,2962.79614258
351263,1044.72497559
351264,499.503601074
351265,1608.90002441
351266,2052.9699707
351267,775504.75
351268,384219.625
351269,21958.2832031
351270,309508.84375
351271,19496.0585938
351272,10297.9550781
351273,1189.26000977
351274,18673.3574219
351275,30137.7050781
351276,78047.71875
351277,139661.21875
351278,96129.0234375
351279,107.322395325
351280,155858.140625
351281,14953.3066406
351282,11388.4482422
351283,61.928730011
351284,303.599517822
351285,15609.7099609
351286,627.233947754
351287,156.20274353
351288,114296.578125
351289,520059.40625
351290,168010.171875
351291,439032.75
351292,20216.7089844
351293,1153.31420898
351294,25617.5683594
351295,423197.40625
351296,104668.757812
351297,151980.140625
351298,436168.46875
351299,228.595901489
351300,75.3968582153
351301,191.992416382
351302,243.852035522
351303,5476.25634766
351304,36835.78125
351305,12686.4541016
351306,14239.4560547
351307,375.450042725
351308,3774.73608398
351309,129225.695312
351310,68600.3671875
351311,2152.42773438
351312,2080.00683594
351313,30620.8359375
351314,315950.21875
351315,32341.3007812
351316,110021.304688
351317,78251.7421875
351318,114305.984375
351319,117649.898438
351320,2676.25292969
351321,1404.1418457
351322,95934.2109375
351323,119040.171875
351324,491376.28125
351325,477212.25
351326,2401.71386719
351327,106085.976562
351328,89707.390625
351329,1014.76794434
351330,25979.7050781
351331,9681.50488281
351332,90108.5546875
351333,8391.37792969
351334,20887.6308594
351335,54093.9375
351336,362967.0625
351337,179577.828125
351338,8774.22753906
351339,23937.7109375
351340,10590.3037109
351341,2934.69042969
351342,50685.7226562
351343,919.258422852
351344,146.997772217
351345,9598.58300781
351346,5507.37011719
351347,18053.4648438
351348,4610.14160156
351349,83611.453125
351350,197286.984375
351351,854869.5625
351352,105147.835938
351353,29388.2324219
351354,26082.3007812
351355,452.02633667
351356,51494.6289062
351357,153.955062866
351358,358.074523926
351359,2660666.0
351360,370094.15625
351361,8891.50683594
351362,1173754.5
351363,22914.3417969
351364,54759.0976562
351365,16889.7753906
351366,980.161437988
351367,50520.0898438
351368,2677.21801758
351369,1247.69128418
351370,13566.1142578
351371,142130.328125
351372,6088.63134766
351373,104079.65625
351374,24001.3007812
351375,12270.4824219
351376,116775.164062
351377,20700.96875
351378,356719.375
351379,116311.375
351380,132346.109375
351381,109652.304688
351382,1638.11755371
351383,15400.0712891
351384,13004.9921875
351385,84198.1328125
351386,7739.6796875
351387,54761.9453125
351388,72656.9609375
351389,112063.8125
351390,119959.335938
351391,22774.0
351392,472.078918457
351393,103071.09375
351394,38046.5820312
351395,6317.20703125
351396,102877.460938
351397,112131.226562
351398,128051.007812
351399,11079.6474609
351400,169.176010132
351401,3480.7980957
351402,10996.2333984
351403,14353.4726562
351404,34686.0273438
351405,2344.15600586
351406,8316.37011719
351407,15096.5556641
351408,6222.55712891
351409,5745.64550781
351410,93931.8828125
351411,276395.53125
351412,27003.7226562
351413,1122182.625
351414,306791.09375
351415,28798.8574219
351416,132287.28125
351417,1152.58276367
351418,131333.953125
351419,2429805.75
351420,32687.3691406
351421,664937.5625
351422,501935.34375
351423,576393.1875
351424,981266.25
351425,130279.125
351426,129017.5
351427,2767.59863281
351428,3249.47998047
351429,187.709136963
351430,11027.25
351431,110715.390625
351432,3717.81445312
351433,45336.6757812
351434,468192.3125
351435,122917.484375
351436,575316.9375
351437,221505.984375
351438,106020.148438
351439,63419.9921875
351440,965.916503906
351441,18241.9570312
351442,202348.0
351443,686511.6875
351444,287143.125
351445,15306.0351562
351446,32703.5410156
351447,109086.398438
351448,17777.5488281
351449,132422.859375
351450,2494.20263672
351451,84797.296875
351452,12498.6777344
351453,2840.60522461
351454,1068.70471191
351455,118205.359375
351456,633860.125
351457,96740.3828125
351458,2785.92431641
351459,34840.4960938
351460,230.270355225
351461,12457.9052734
351462,164246.796875
351463,128438.570312
351464,227343.40625
351465,367965.09375
351466,13978.1914062
351467,8224.56738281
351468,17727.0664062
351469,2013.84155273
351470,2962.43994141
351471,73684.8515625
351472,13986.3535156
351473,623999.0
351474,30347.2324219
351475,1175351.0
351476,531.489929199
351477,1702.32702637
351478,1134.69580078
351479,93756.453125
351480,10176.1455078
351481,878.004760742
351482,4165.39941406
351483,1845.09765625
351484,827.914672852
351485,1766.14416504
351486,2953.27832031
351487,726058.5
351488,470906.65625
351489,27429.7304688
351490,395740.84375
351491,26732.6855469
351492,18990.3808594
351493,1408.86791992
351494,29640.5800781
351495,53679.0039062
351496,106075.242188
351497,153041.96875
351498,79222.5
351499,74.7175216675
351500,240137.703125
351501,16230.3017578
351502,17573.6171875
351503,127.886520386
351504,294.419403076
351505,18224.046875
351506,520.242004395
351507,60.5780944824
351508,117697.960938
351509,686185.6875
351510,248084.078125
351511,623227.6875
351512,29387.7324219
351513,1607.71374512
351514,32009.9648438
351515,579807.1875
351516,78440.3984375
351517,187321.203125
351518,529621.875
351519,211.182128906
351520,94.3714981079
351521,194.706314087
351522,275.261871338
351523,6501.22509766
351524,50000.0390625
351525,22055.78125
351526,19717.8535156
351527,348.647979736
351528,5704.59716797
